run_id,trial_idx,start_x,start_y,start_yaw,goal_x,goal_y,goal_yaw,success,timeout,time_to_goal,path_length,path_efficiency,straight_line,min_clearance,mean_jerk,n_close_approach
dwb_corridor_001,1,1.0,5.0,0.0,0.0,0.0,0.0,True,False,36.1,6.266696572545568,0.8136694436318518,5.0990195135927845,0.6843801929466529,0.5579094328736065,0
dwb_corridor_001,2,-2.0,-1.0,1.57,2.0,1.5,0.0,True,False,25.1,4.6297772464504945,1.0188374763914767,4.716990566028302,0.496950443348048,0.31439507487994217,0
dwb_corridor_001,3,0.0,0.0,0.0,-4.0,-1.0,0.0,True,False,49.2,7.098133916630692,0.5808717719395743,4.123105625617661,0.6968172769098256,0.7665062202405823,0
dwb_corridor_001,4,0.0,0.0,0.0,-4.0,-1.0,0.0,True,False,32.8,5.054810905137632,0.8156794987972743,4.123105625617661,0.9065324148430262,0.7108536151484527,0
dwb_corridor_001,5,1.0,5.0,0.0,0.0,0.0,0.0,True,False,61.4,6.680967672537292,0.7632157141775666,5.0990195135927845,0.18540932908140045,0.7282210877958405,21
